backbone,batch_size,categorical_features,categorical_targets,continuous_features,continuous_targets,device,embedding_size,epochs,few_shot_k,fine_tuning,freeze_layers,grad_clip,hidden_size,log,lora_alpha,lr,model,n_layers,persist_model,project_name,r,rnn_type,seed,strategy,wandb,weight_decay,id,name,_wandb.runtime,test_next_activity_acc,_step,y_true_pred_dump.y_pred_remaining_time,y_true_pred_dump.y_pred_time_to_next_event,_runtime,y_true_pred_dump.y_true_remaining_time,y_true_pred_dump.y_pred_next_activity,y_true_pred_dump.y_true_next_activity,_timestamp,test_next_remaining_time_loss,test_next_time_to_next_event_loss,y_true_pred_dump.y_true_time_to_next_event
rnn,16,['activity'],['activity'],"['accumulated_time', 'day_of_month', 'day_of_week', 'day_of_year', 'hour_of_day', 'min_of_hour', 'month_of_year', 'sec_of_min', 'secs_within_day', 'week_of_year']","['remaining_time', 'time_to_next_event']",cuda,16,25,,,,5,32,BPI12,,0.0001,saprpt,1,False,llm-peft-ppm_saprpt_baseline,,lstm,41,concat,True,0.1,key18c3t,quiet-elevator-9,23,0.632,0,{'_type': 'histogram'},{'_type': 'histogram'},23.548176967,{'_type': 'histogram'},"{'_type': 'large-array', 'value': []}",{'_type': 'histogram'},1764072226.3247173,2.156577539370847,1.5551873979477575,{'_type': 'histogram'}
rnn,16,['activity'],['activity'],"['accumulated_time', 'day_of_month', 'day_of_week', 'day_of_year', 'hour_of_day', 'min_of_hour', 'month_of_year', 'sec_of_min', 'secs_within_day', 'week_of_year']","['remaining_time', 'time_to_next_event']",cuda,16,25,,,,5,32,BPI12,,0.0001,saprpt,1,False,llm-peft-ppm_saprpt_baseline,,lstm,42,concat,True,0.1,e3yjg77h,drawn-thunder-10,18,0.623,0,{'_type': 'histogram'},{'_type': 'histogram'},18.883599739,{'_type': 'histogram'},"{'_type': 'large-array', 'value': []}",{'_type': 'histogram'},1764072372.8547091,2.029209531223868,2.197437837768002,{'_type': 'histogram'}
rnn,16,['activity'],['activity'],"['accumulated_time', 'day_of_month', 'day_of_week', 'day_of_year', 'hour_of_day', 'min_of_hour', 'month_of_year', 'sec_of_min', 'secs_within_day', 'week_of_year']","['remaining_time', 'time_to_next_event']",cuda,16,25,,,,5,32,BPI12,,0.0001,saprpt,1,False,llm-peft-ppm_saprpt_baseline,,lstm,43,concat,True,0.1,esx0436d,fallen-mountain-11,15,0.6225,0,{'_type': 'histogram'},{'_type': 'histogram'},15.80935474,{'_type': 'histogram'},"{'_type': 'large-array', 'value': []}",{'_type': 'histogram'},1764072440.8259492,2.342867737267858,1.1673750838397434,{'_type': 'histogram'}
rnn,16,['activity'],['activity'],"['accumulated_time', 'day_of_month', 'day_of_week', 'day_of_year', 'hour_of_day', 'min_of_hour', 'month_of_year', 'sec_of_min', 'secs_within_day', 'week_of_year']","['remaining_time', 'time_to_next_event']",cuda,16,25,,,,5,32,BPI12,,0.0001,saprpt,1,False,llm-peft-ppm_saprpt_baseline,,lstm,44,concat,True,0.1,uihi4vk9,sage-yogurt-12,16,0.6495,0,{'_type': 'histogram'},{'_type': 'histogram'},16.121291446,{'_type': 'histogram'},"{'_type': 'large-array', 'value': []}",{'_type': 'histogram'},1764072509.3421023,2.11536028299996,1.664815459166191,{'_type': 'histogram'}
rnn,16,['activity'],['activity'],"['accumulated_time', 'day_of_month', 'day_of_week', 'day_of_year', 'hour_of_day', 'min_of_hour', 'month_of_year', 'sec_of_min', 'secs_within_day', 'week_of_year']","['remaining_time', 'time_to_next_event']",cuda,16,25,,,,5,32,BPI12,,0.0001,saprpt,1,False,llm-peft-ppm_saprpt_baseline,,lstm,45,concat,True,0.1,1nac4mg4,toasty-blaze-13,15,0.62,0,{'_type': 'histogram'},{'_type': 'histogram'},15.721875279,{'_type': 'histogram'},"{'_type': 'large-array', 'value': []}",{'_type': 'histogram'},1764072577.1820636,2.156700888034489,1.767952103117721,{'_type': 'histogram'}
rnn,16,['activity'],['activity'],"['accumulated_time', 'day_of_month', 'day_of_week', 'day_of_year', 'hour_of_day', 'min_of_hour', 'month_of_year', 'sec_of_min', 'secs_within_day', 'week_of_year']","['remaining_time', 'time_to_next_event']",cuda,16,25,,,,5,32,BPI17,,0.0001,saprpt,1,False,llm-peft-ppm_saprpt_baseline,,lstm,41,concat,True,0.1,miuaz20a,exalted-microwave-14,16,0.617,0,{'_type': 'histogram'},{'_type': 'histogram'},15.967822337,{'_type': 'histogram'},"{'_type': 'large-array', 'value': []}",{'_type': 'histogram'},1764072702.058232,1.3929965447851564,1.197207935584807,{'_type': 'histogram'}
rnn,16,['activity'],['activity'],"['accumulated_time', 'day_of_month', 'day_of_week', 'day_of_year', 'hour_of_day', 'min_of_hour', 'month_of_year', 'sec_of_min', 'secs_within_day', 'week_of_year']","['remaining_time', 'time_to_next_event']",cuda,16,25,,,,5,32,BPI17,,0.0001,saprpt,1,False,llm-peft-ppm_saprpt_baseline,,lstm,42,concat,True,0.1,bfb0x7pm,glamorous-voice-15,15,0.631,0,{'_type': 'histogram'},{'_type': 'histogram'},15.788519229,{'_type': 'histogram'},"{'_type': 'large-array', 'value': []}",{'_type': 'histogram'},1764072830.1757782,1.7482516739264815,1.3731325621741166,{'_type': 'histogram'}
rnn,16,['activity'],['activity'],"['accumulated_time', 'day_of_month', 'day_of_week', 'day_of_year', 'hour_of_day', 'min_of_hour', 'month_of_year', 'sec_of_min', 'secs_within_day', 'week_of_year']","['remaining_time', 'time_to_next_event']",cuda,16,25,,,,5,32,BPI17,,0.0001,saprpt,1,False,llm-peft-ppm_saprpt_baseline,,lstm,43,concat,True,0.1,kqsa4923,twilight-violet-16,16,0.6865,0,{'_type': 'histogram'},{'_type': 'histogram'},16.108152088,{'_type': 'histogram'},"{'_type': 'large-array', 'value': []}",{'_type': 'histogram'},1764072958.1194372,1.096837521473195,0.9897112721384146,{'_type': 'histogram'}
rnn,16,['activity'],['activity'],"['accumulated_time', 'day_of_month', 'day_of_week', 'day_of_year', 'hour_of_day', 'min_of_hour', 'month_of_year', 'sec_of_min', 'secs_within_day', 'week_of_year']","['remaining_time', 'time_to_next_event']",cuda,16,25,,,,5,32,BPI17,,0.0001,saprpt,1,False,llm-peft-ppm_saprpt_baseline,,lstm,44,concat,True,0.1,ehfu7iee,giddy-serenity-17,15,0.6585,0,{'_type': 'histogram'},{'_type': 'histogram'},15.639517186,{'_type': 'histogram'},"{'_type': 'large-array', 'value': []}",{'_type': 'histogram'},1764073085.3816333,1.0787799538842882,1.209279080228869,{'_type': 'histogram'}
rnn,16,['activity'],['activity'],"['accumulated_time', 'day_of_month', 'day_of_week', 'day_of_year', 'hour_of_day', 'min_of_hour', 'month_of_year', 'sec_of_min', 'secs_within_day', 'week_of_year']","['remaining_time', 'time_to_next_event']",cuda,16,25,,,,5,32,BPI17,,0.0001,saprpt,1,False,llm-peft-ppm_saprpt_baseline,,lstm,45,concat,True,0.1,yfzcht4e,devoted-monkey-18,15,0.643,0,{'_type': 'histogram'},{'_type': 'histogram'},15.759660205,{'_type': 'histogram'},"{'_type': 'large-array', 'value': []}",{'_type': 'histogram'},1764073212.9834394,1.211319605999511,0.8742417056133719,{'_type': 'histogram'}
rnn,16,['activity'],['activity'],"['accumulated_time', 'day_of_month', 'day_of_week', 'day_of_year', 'hour_of_day', 'min_of_hour', 'month_of_year', 'sec_of_min', 'secs_within_day', 'week_of_year']","['remaining_time', 'time_to_next_event']",cuda,16,25,,,,5,32,BPI20PrepaidTravelCosts,,0.0001,saprpt,1,False,llm-peft-ppm_saprpt_baseline,,lstm,41,concat,True,0.1,92sr1kve,northern-sponge-19,15,0.763,0,{'_type': 'histogram'},{'_type': 'histogram'},15.961181416,{'_type': 'histogram'},"{'_type': 'large-array', 'value': []}",{'_type': 'histogram'},1764073268.5591516,0.967134347575631,0.7694125941264448,{'_type': 'histogram'}
rnn,16,['activity'],['activity'],"['accumulated_time', 'day_of_month', 'day_of_week', 'day_of_year', 'hour_of_day', 'min_of_hour', 'month_of_year', 'sec_of_min', 'secs_within_day', 'week_of_year']","['remaining_time', 'time_to_next_event']",cuda,16,25,,,,5,32,BPI20PrepaidTravelCosts,,0.0001,saprpt,1,False,llm-peft-ppm_saprpt_baseline,,lstm,42,concat,True,0.1,fzrky937,atomic-terrain-20,16,0.769,0,{'_type': 'histogram'},{'_type': 'histogram'},16.390330172,{'_type': 'histogram'},"{'_type': 'large-array', 'value': []}",{'_type': 'histogram'},1764073315.7866194,1.0792448383392337,1.2916885631040351,{'_type': 'histogram'}
rnn,16,['activity'],['activity'],"['accumulated_time', 'day_of_month', 'day_of_week', 'day_of_year', 'hour_of_day', 'min_of_hour', 'month_of_year', 'sec_of_min', 'secs_within_day', 'week_of_year']","['remaining_time', 'time_to_next_event']",cuda,16,25,,,,5,32,BPI20PrepaidTravelCosts,,0.0001,saprpt,1,False,llm-peft-ppm_saprpt_baseline,,lstm,43,concat,True,0.1,xx2d1jsn,skilled-dew-21,16,0.756,0,{'_type': 'histogram'},{'_type': 'histogram'},16.350158609,{'_type': 'histogram'},"{'_type': 'large-array', 'value': []}",{'_type': 'histogram'},1764073369.7219582,1.0287252869463692,1.0456876364779233,{'_type': 'histogram'}
rnn,16,['activity'],['activity'],"['accumulated_time', 'day_of_month', 'day_of_week', 'day_of_year', 'hour_of_day', 'min_of_hour', 'month_of_year', 'sec_of_min', 'secs_within_day', 'week_of_year']","['remaining_time', 'time_to_next_event']",cuda,16,25,,,,5,32,BPI20PrepaidTravelCosts,,0.0001,saprpt,1,False,llm-peft-ppm_saprpt_baseline,,lstm,44,concat,True,0.1,r2bt95ft,fast-monkey-22,16,0.769,0,{'_type': 'histogram'},{'_type': 'histogram'},16.036715091,{'_type': 'histogram'},"{'_type': 'large-array', 'value': []}",{'_type': 'histogram'},1764073422.2841449,1.1216851558644294,1.291008187769818,{'_type': 'histogram'}
rnn,16,['activity'],['activity'],"['accumulated_time', 'day_of_month', 'day_of_week', 'day_of_year', 'hour_of_day', 'min_of_hour', 'month_of_year', 'sec_of_min', 'secs_within_day', 'week_of_year']","['remaining_time', 'time_to_next_event']",cuda,16,25,,,,5,32,BPI20PrepaidTravelCosts,,0.0001,saprpt,1,False,llm-peft-ppm_saprpt_baseline,,lstm,45,concat,True,0.1,0vp8a4py,toasty-gorge-23,15,0.766,0,{'_type': 'histogram'},{'_type': 'histogram'},15.858897992,{'_type': 'histogram'},"{'_type': 'large-array', 'value': []}",{'_type': 'histogram'},1764073474.9759717,1.008212965633669,1.03345512539064,{'_type': 'histogram'}
rnn,16,['activity'],['activity'],"['accumulated_time', 'day_of_month', 'day_of_week', 'day_of_year', 'hour_of_day', 'min_of_hour', 'month_of_year', 'sec_of_min', 'secs_within_day', 'week_of_year']","['remaining_time', 'time_to_next_event']",cuda,16,25,,,,5,32,BPI20TravelPermitData,,0.0001,saprpt,1,False,llm-peft-ppm_saprpt_baseline,,lstm,41,concat,True,0.1,km0yf1mn,likely-plant-24,15,0.691,0,{'_type': 'histogram'},{'_type': 'histogram'},15.980864522,{'_type': 'histogram'},"{'_type': 'large-array', 'value': []}",{'_type': 'histogram'},1764073537.5271556,0.9307489780101668,1.0734681537900046,{'_type': 'histogram'}
rnn,16,['activity'],['activity'],"['accumulated_time', 'day_of_month', 'day_of_week', 'day_of_year', 'hour_of_day', 'min_of_hour', 'month_of_year', 'sec_of_min', 'secs_within_day', 'week_of_year']","['remaining_time', 'time_to_next_event']",cuda,16,25,,,,5,32,BPI20TravelPermitData,,0.0001,saprpt,1,False,llm-peft-ppm_saprpt_baseline,,lstm,42,concat,True,0.1,3e06j5kf,astral-puddle-25,16,0.6655,0,{'_type': 'histogram'},{'_type': 'histogram'},16.380494897,{'_type': 'histogram'},"{'_type': 'large-array', 'value': []}",{'_type': 'histogram'},1764073601.0675695,0.8471750071153175,0.9826125909848408,{'_type': 'histogram'}
rnn,16,['activity'],['activity'],"['accumulated_time', 'day_of_month', 'day_of_week', 'day_of_year', 'hour_of_day', 'min_of_hour', 'month_of_year', 'sec_of_min', 'secs_within_day', 'week_of_year']","['remaining_time', 'time_to_next_event']",cuda,16,25,,,,5,32,BPI20TravelPermitData,,0.0001,saprpt,1,False,llm-peft-ppm_saprpt_baseline,,lstm,43,concat,True,0.1,9vvt71f1,zany-planet-26,16,0.6995,0,{'_type': 'histogram'},{'_type': 'histogram'},16.047971385,{'_type': 'histogram'},"{'_type': 'large-array', 'value': []}",{'_type': 'histogram'},1764073663.967646,0.9969800174924623,0.9919623891427032,{'_type': 'histogram'}
rnn,16,['activity'],['activity'],"['accumulated_time', 'day_of_month', 'day_of_week', 'day_of_year', 'hour_of_day', 'min_of_hour', 'month_of_year', 'sec_of_min', 'secs_within_day', 'week_of_year']","['remaining_time', 'time_to_next_event']",cuda,16,25,,,,5,32,BPI20TravelPermitData,,0.0001,saprpt,1,False,llm-peft-ppm_saprpt_baseline,,lstm,44,concat,True,0.1,f1ytldai,lemon-dust-27,16,0.6935,0,{'_type': 'histogram'},{'_type': 'histogram'},16.30045196,{'_type': 'histogram'},"{'_type': 'large-array', 'value': []}",{'_type': 'histogram'},1764073727.8827522,1.0187612104194546,1.0717992345449907,{'_type': 'histogram'}
rnn,16,['activity'],['activity'],"['accumulated_time', 'day_of_month', 'day_of_week', 'day_of_year', 'hour_of_day', 'min_of_hour', 'month_of_year', 'sec_of_min', 'secs_within_day', 'week_of_year']","['remaining_time', 'time_to_next_event']",cuda,16,25,,,,5,32,BPI20TravelPermitData,,0.0001,saprpt,1,False,llm-peft-ppm_saprpt_baseline,,lstm,45,concat,True,0.1,xh0o9jg7,elated-monkey-28,16,0.685,0,{'_type': 'histogram'},{'_type': 'histogram'},16.070670527,{'_type': 'histogram'},"{'_type': 'large-array', 'value': []}",{'_type': 'histogram'},1764073792.2256565,0.9788859828834836,1.0940331531707506,{'_type': 'histogram'}
rnn,16,['activity'],['activity'],"['accumulated_time', 'day_of_month', 'day_of_week', 'day_of_year', 'hour_of_day', 'min_of_hour', 'month_of_year', 'sec_of_min', 'secs_within_day', 'week_of_year']","['remaining_time', 'time_to_next_event']",cuda,16,25,,,,5,32,BPI20RequestForPayment,,0.0001,saprpt,1,False,llm-peft-ppm_saprpt_baseline,,lstm,41,concat,True,0.1,rztf3gke,sandy-breeze-29,15,0.744,0,{'_type': 'histogram'},{'_type': 'histogram'},15.979533442,{'_type': 'histogram'},"{'_type': 'large-array', 'value': []}",{'_type': 'histogram'},1764073851.956161,0.6628015027874766,0.8030729083669359,{'_type': 'histogram'}
rnn,16,['activity'],['activity'],"['accumulated_time', 'day_of_month', 'day_of_week', 'day_of_year', 'hour_of_day', 'min_of_hour', 'month_of_year', 'sec_of_min', 'secs_within_day', 'week_of_year']","['remaining_time', 'time_to_next_event']",cuda,16,25,,,,5,32,BPI20RequestForPayment,,0.0001,saprpt,1,False,llm-peft-ppm_saprpt_baseline,,lstm,42,concat,True,0.1,mabu5avp,dazzling-snowball-30,17,0.75,0,{'_type': 'histogram'},{'_type': 'histogram'},17.355544295,{'_type': 'histogram'},"{'_type': 'large-array', 'value': []}",{'_type': 'histogram'},1764073911.803054,0.6437938465371901,0.6185950628605124,{'_type': 'histogram'}
rnn,16,['activity'],['activity'],"['accumulated_time', 'day_of_month', 'day_of_week', 'day_of_year', 'hour_of_day', 'min_of_hour', 'month_of_year', 'sec_of_min', 'secs_within_day', 'week_of_year']","['remaining_time', 'time_to_next_event']",cuda,16,25,,,,5,32,BPI20RequestForPayment,,0.0001,saprpt,1,False,llm-peft-ppm_saprpt_baseline,,lstm,43,concat,True,0.1,x3tj2k34,deep-salad-31,16,0.752,0,{'_type': 'histogram'},{'_type': 'histogram'},16.066826813,{'_type': 'histogram'},"{'_type': 'large-array', 'value': []}",{'_type': 'histogram'},1764073969.6837134,0.5949675698969139,0.7144430124445031,{'_type': 'histogram'}
rnn,16,['activity'],['activity'],"['accumulated_time', 'day_of_month', 'day_of_week', 'day_of_year', 'hour_of_day', 'min_of_hour', 'month_of_year', 'sec_of_min', 'secs_within_day', 'week_of_year']","['remaining_time', 'time_to_next_event']",cuda,16,25,,,,5,32,BPI20RequestForPayment,,0.0001,saprpt,1,False,llm-peft-ppm_saprpt_baseline,,lstm,44,concat,True,0.1,8ju9b3hf,dry-lake-32,15,0.7435,0,{'_type': 'histogram'},{'_type': 'histogram'},15.944908759,{'_type': 'histogram'},"{'_type': 'large-array', 'value': []}",{'_type': 'histogram'},1764074028.2458267,0.6445859037762905,0.6550074018429032,{'_type': 'histogram'}
rnn,16,['activity'],['activity'],"['accumulated_time', 'day_of_month', 'day_of_week', 'day_of_year', 'hour_of_day', 'min_of_hour', 'month_of_year', 'sec_of_min', 'secs_within_day', 'week_of_year']","['remaining_time', 'time_to_next_event']",cuda,16,25,,,,5,32,BPI20RequestForPayment,,0.0001,saprpt,1,False,llm-peft-ppm_saprpt_baseline,,lstm,45,concat,True,0.1,rm9ey48z,chocolate-darkness-33,15,0.7275,0,{'_type': 'histogram'},{'_type': 'histogram'},15.969138172,{'_type': 'histogram'},"{'_type': 'large-array', 'value': []}",{'_type': 'histogram'},1764074086.6759057,0.6451539933155788,0.769974862323086,{'_type': 'histogram'}
